day,day_of_week,week_of_year,month,year,is_weekend,holiday_name
2024-01-01,0,1,1,2024,0,
2024-01-02,1,1,1,2024,0,
2024-01-03,2,1,1,2024,0,
2024-01-04,3,1,1,2024,0,
2024-01-05,4,1,1,2024,0,
2024-01-06,5,1,1,2024,1,
2024-01-07,6,1,1,2024,1,
2024-01-08,0,2,1,2024,0,
2024-01-09,1,2,1,2024,0,
2024-01-10,2,2,1,2024,0,
2024-01-11,3,2,1,2024,0,
2024-01-12,4,2,1,2024,0,
2024-01-13,5,2,1,2024,1,
2024-01-14,6,2,1,2024,1,
2024-01-15,0,3,1,2024,0,
2024-01-16,1,3,1,2024,0,
2024-01-17,2,3,1,2024,0,
2024-01-18,3,3,1,2024,0,
2024-01-19,4,3,1,2024,0,
2024-01-20,5,3,1,2024,1,
2024-01-21,6,3,1,2024,1,
2024-01-22,0,4,1,2024,0,
2024-01-23,1,4,1,2024,0,
2024-01-24,2,4,1,2024,0,
2024-01-25,3,4,1,2024,0,
2024-01-26,4,4,1,2024,0,Republic Day
2024-01-27,5,4,1,2024,1,
2024-01-28,6,4,1,2024,1,
2024-01-29,0,5,1,2024,0,
2024-01-30,1,5,1,2024,0,
2024-01-31,2,5,1,2024,0,
2024-02-01,3,5,2,2024,0,
2024-02-02,4,5,2,2024,0,
2024-02-03,5,5,2,2024,1,
2024-02-04,6,5,2,2024,1,
2024-02-05,0,6,2,2024,0,
2024-02-06,1,6,2,2024,0,
2024-02-07,2,6,2,2024,0,
2024-02-08,3,6,2,2024,0,
2024-02-09,4,6,2,2024,0,
2024-02-10,5,6,2,2024,1,
2024-02-11,6,6,2,2024,1,
2024-02-12,0,7,2,2024,0,
2024-02-13,1,7,2,2024,0,
2024-02-14,2,7,2,2024,0,
2024-02-15,3,7,2,2024,0,
2024-02-16,4,7,2,2024,0,
2024-02-17,5,7,2,2024,1,
2024-02-18,6,7,2,2024,1,
2024-02-19,0,8,2,2024,0,
2024-02-20,1,8,2,2024,0,
2024-02-21,2,8,2,2024,0,
2024-02-22,3,8,2,2024,0,
2024-02-23,4,8,2,2024,0,
2024-02-24,5,8,2,2024,1,
2024-02-25,6,8,2,2024,1,
2024-02-26,0,9,2,2024,0,
2024-02-27,1,9,2,2024,0,
2024-02-28,2,9,2,2024,0,
2024-02-29,3,9,2,2024,0,
2024-03-01,4,9,3,2024,0,
2024-03-02,5,9,3,2024,1,
2024-03-03,6,9,3,2024,1,
2024-03-04,0,10,3,2024,0,
2024-03-05,1,10,3,2024,0,
2024-03-06,2,10,3,2024,0,
2024-03-07,3,10,3,2024,0,
2024-03-08,4,10,3,2024,0,
2024-03-09,5,10,3,2024,1,
2024-03-10,6,10,3,2024,1,
2024-03-11,0,11,3,2024,0,
2024-03-12,1,11,3,2024,0,
2024-03-13,2,11,3,2024,0,Holi
2024-03-14,3,11,3,2024,0,Holi
2024-03-15,4,11,3,2024,0,
2024-03-16,5,11,3,2024,1,
2024-03-17,6,11,3,2024,1,
2024-03-18,0,12,3,2024,0,
2024-03-19,1,12,3,2024,0,
2024-03-20,2,12,3,2024,0,
2024-03-21,3,12,3,2024,0,
2024-03-22,4,12,3,2024,0,
2024-03-23,5,12,3,2024,1,
2024-03-24,6,12,3,2024,1,
2024-03-25,0,13,3,2024,0,
2024-03-26,1,13,3,2024,0,
2024-03-27,2,13,3,2024,0,
2024-03-28,3,13,3,2024,0,
2024-03-29,4,13,3,2024,0,
2024-03-30,5,13,3,2024,1,
2024-03-31,6,13,3,2024,1,
2024-04-01,0,14,4,2024,0,
2024-04-02,1,14,4,2024,0,
2024-04-03,2,14,4,2024,0,
2024-04-04,3,14,4,2024,0,
2024-04-05,4,14,4,2024,0,
2024-04-06,5,14,4,2024,1,
2024-04-07,6,14,4,2024,1,
2024-04-08,0,15,4,2024,0,
2024-04-09,1,15,4,2024,0,
2024-04-10,2,15,4,2024,0,
2024-04-11,3,15,4,2024,0,
2024-04-12,4,15,4,2024,0,
2024-04-13,5,15,4,2024,1,
2024-04-14,6,15,4,2024,1,
2024-04-15,0,16,4,2024,0,
2024-04-16,1,16,4,2024,0,
2024-04-17,2,16,4,2024,0,
2024-04-18,3,16,4,2024,0,
2024-04-19,4,16,4,2024,0,
2024-04-20,5,16,4,2024,1,
2024-04-21,6,16,4,2024,1,
2024-04-22,0,17,4,2024,0,
2024-04-23,1,17,4,2024,0,
2024-04-24,2,17,4,2024,0,
2024-04-25,3,17,4,2024,0,
2024-04-26,4,17,4,2024,0,
2024-04-27,5,17,4,2024,1,
2024-04-28,6,17,4,2024,1,
2024-04-29,0,18,4,2024,0,
