store_id,product_id,day,units_sold,revenue,stockout_flag
1,1,2024-01-01,25,683.5,0
1,1,2024-01-02,27,738.18,0
1,1,2024-01-03,21,574.14,0
1,1,2024-01-04,18,492.12,0
1,1,2024-01-05,24,656.16,0
1,1,2024-01-06,30,820.2,0
1,1,2024-01-07,31,847.54,0
1,1,2024-01-08,18,492.12,0
1,1,2024-01-09,26,710.84,0
1,1,2024-01-10,25,683.5,0
1,1,2024-01-11,29,792.86,0
1,1,2024-01-12,25,683.5,0
1,1,2024-01-13,28,765.52,0
1,1,2024-01-14,40,1093.6,0
1,1,2024-01-15,20,546.8,0
1,1,2024-01-16,25,683.5,0
1,1,2024-01-17,24,656.16,0
1,1,2024-01-18,23,628.82,0
1,1,2024-01-19,30,820.2,0
1,1,2024-01-20,34,929.56,0
1,1,2024-01-21,27,738.18,0
1,1,2024-01-22,17,464.78,0
1,1,2024-01-23,23,628.82,0
1,1,2024-01-24,22,601.48,0
1,1,2024-01-25,25,683.5,0
1,1,2024-01-26,42,1148.28,0
1,1,2024-01-27,32,874.88,0
1,1,2024-01-28,31,847.54,0
1,1,2024-01-29,22,601.48,0
1,1,2024-01-30,15,410.1,0
1,1,2024-01-31,32,874.88,0
1,1,2024-02-01,31,847.54,0
1,1,2024-02-02,33,902.22,0
1,1,2024-02-03,30,820.2,0
1,1,2024-02-04,31,847.54,0
1,1,2024-02-05,25,683.5,0
1,1,2024-02-06,24,656.16,0
1,1,2024-02-07,16,437.44,0
1,1,2024-02-08,24,656.16,0
1,1,2024-02-09,19,519.46,0
1,1,2024-02-10,35,956.9,0
1,1,2024-02-11,37,1011.58,0
1,1,2024-02-12,20,546.8,0
1,1,2024-02-13,20,546.8,0
1,1,2024-02-14,26,639.76,0
1,1,2024-02-15,45,1107.27,0
1,1,2024-02-16,36,885.82,0
1,1,2024-02-17,38,935.03,0
1,1,2024-02-18,54,1328.72,0
1,1,2024-02-19,34,836.6,0
1,1,2024-02-20,31,762.79,0
1,1,2024-02-21,21,516.73,0
1,1,2024-02-22,41,1008.85,0
1,1,2024-02-23,31,847.54,0
1,1,2024-02-24,31,847.54,0
1,1,2024-02-25,31,847.54,0
1,1,2024-02-26,29,792.86,0
1,1,2024-02-27,28,765.52,0
1,1,2024-02-28,19,519.46,0
1,1,2024-02-29,33,902.22,0
1,1,2024-03-01,44,1202.96,0
1,1,2024-03-02,33,902.22,0
1,1,2024-03-03,38,1038.92,0
1,1,2024-03-04,27,738.18,0
1,1,2024-03-05,26,710.84,0
1,1,2024-03-06,25,683.5,0
1,1,2024-03-07,24,656.16,0
1,1,2024-03-08,31,847.54,0
1,1,2024-03-09,36,984.24,0
1,1,2024-03-10,36,984.24,0
1,1,2024-03-11,27,738.18,0
1,1,2024-03-12,22,601.48,0
1,1,2024-03-13,32,874.88,0
1,1,2024-03-14,50,1367.0,0
1,1,2024-03-15,28,765.52,0
1,1,2024-03-16,35,956.9,0
1,1,2024-03-17,28,765.52,0
1,1,2024-03-18,28,765.52,0
1,1,2024-03-19,46,880.35,0
1,1,2024-03-20,50,956.9,0
1,1,2024-03-21,63,1205.69,0
1,1,2024-03-22,59,1129.14,0
1,1,2024-03-23,75,1435.35,0
1,1,2024-03-24,81,1550.18,0
1,1,2024-03-25,53,1014.31,0
1,1,2024-03-26,41,784.66,0
1,1,2024-03-27,54,1033.45,0
1,1,2024-03-28,52,995.18,0
1,1,2024-03-29,63,1205.69,0
1,1,2024-03-30,77,1473.63,0
1,1,2024-03-31,75,1435.35,0
1,1,2024-04-01,23,628.82,0
1,1,2024-04-02,33,902.22,0
1,1,2024-04-03,19,519.46,0
1,1,2024-04-04,23,628.82,0
1,1,2024-04-05,25,683.5,0
1,1,2024-04-06,37,1011.58,0
1,1,2024-04-07,35,956.9,0
1,1,2024-04-08,26,710.84,0
1,1,2024-04-09,25,683.5,0
1,1,2024-04-10,25,683.5,0
1,1,2024-04-11,36,984.24,0
1,1,2024-04-12,33,902.22,0
1,1,2024-04-13,30,820.2,0
1,1,2024-04-14,37,1011.58,0
1,1,2024-04-15,26,710.84,0
1,1,2024-04-16,29,792.86,0
1,1,2024-04-17,21,574.14,0
1,1,2024-04-18,28,765.52,0
1,1,2024-04-19,35,956.9,0
1,1,2024-04-20,42,1148.28,0
1,1,2024-04-21,31,847.54,0
1,1,2024-04-22,29,792.86,0
1,1,2024-04-23,20,546.8,0
1,1,2024-04-24,24,656.16,0
1,1,2024-04-25,27,738.18,0
1,1,2024-04-26,42,1148.28,0
1,1,2024-04-27,51,1394.34,0
1,1,2024-04-28,49,1339.66,0
1,1,2024-04-29,30,820.2,0
1,2,2024-01-01,5,978.35,0
1,2,2024-01-02,3,587.01,0
1,2,2024-01-03,4,782.68,0
1,2,2024-01-04,4,782.68,0
1,2,2024-01-05,7,1369.69,0
1,2,2024-01-06,6,1174.02,0
1,2,2024-01-07,12,2348.04,0
1,2,2024-01-08,3,587.01,0
1,2,2024-01-09,3,587.01,0
1,2,2024-01-10,2,391.34,0
1,2,2024-01-11,4,782.68,0
1,2,2024-01-12,3,587.01,0
1,2,2024-01-13,5,978.35,0
1,2,2024-01-14,6,1174.02,0
1,2,2024-01-15,3,587.01,0
1,2,2024-01-16,6,1174.02,0
1,2,2024-01-17,3,587.01,0
1,2,2024-01-18,6,1174.02,0
1,2,2024-01-19,1,195.67,0
1,2,2024-01-20,6,1174.02,0
1,2,2024-01-21,3,587.01,0
1,2,2024-01-22,4,782.68,0
1,2,2024-01-23,3,587.01,0
1,2,2024-01-24,2,391.34,0
1,2,2024-01-25,4,782.68,0
1,2,2024-01-26,9,1584.93,0
1,2,2024-01-27,6,1056.62,0
1,2,2024-01-28,7,1232.72,0
1,2,2024-01-29,8,1408.82,0
1,2,2024-01-30,5,880.52,0
1,2,2024-01-31,1,176.1,0
1,2,2024-02-01,6,1056.62,0
1,2,2024-02-02,3,528.31,0
1,2,2024-02-03,13,1780.6,0
1,2,2024-02-04,16,2191.5,0
1,2,2024-02-05,1,136.97,0
1,2,2024-02-06,12,1643.63,0
1,2,2024-02-07,4,782.68,0
1,2,2024-02-08,5,978.35,0
1,2,2024-02-09,4,782.68,0
1,2,2024-02-10,10,1956.7,0
1,2,2024-02-11,4,782.68,0
1,2,2024-02-12,5,978.35,0
1,2,2024-02-13,4,782.68,0
1,2,2024-02-14,2,391.34,0
1,2,2024-02-15,2,391.34,0
1,2,2024-02-16,3,587.01,0
1,2,2024-02-17,5,978.35,0
1,2,2024-02-18,3,587.01,0
1,2,2024-02-19,4,782.68,0
1,2,2024-02-20,7,1369.69,0
1,2,2024-02-21,3,587.01,0
1,2,2024-02-22,7,1369.69,0
1,2,2024-02-23,2,391.34,0
1,2,2024-02-24,2,391.34,0
1,2,2024-02-25,3,587.01,0
1,2,2024-02-26,5,978.35,0
1,2,2024-02-27,2,391.34,0
1,2,2024-02-28,7,1369.69,0
1,2,2024-02-29,4,782.68,0
1,2,2024-03-01,4,782.68,0
1,2,2024-03-02,2,391.34,0
1,2,2024-03-03,5,978.35,0
1,2,2024-03-04,5,978.35,0
1,2,2024-03-05,5,978.35,0
1,2,2024-03-06,2,391.34,0
1,2,2024-03-07,7,1369.69,0
1,2,2024-03-08,5,978.35,0
1,2,2024-03-09,3,587.01,0
1,2,2024-03-10,4,782.68,0
1,2,2024-03-11,2,391.34,0
1,2,2024-03-12,5,978.35,0
1,2,2024-03-13,6,1174.02,0
1,2,2024-03-14,2,391.34,0
1,2,2024-03-15,7,1369.69,0
1,2,2024-03-16,4,782.68,0
1,2,2024-03-17,9,1761.03,0
1,2,2024-03-18,1,195.67,0
1,2,2024-03-19,4,782.68,0
1,2,2024-03-20,4,782.68,0
1,2,2024-03-21,2,391.34,0
1,2,2024-03-22,6,1174.02,0
1,2,2024-03-23,4,782.68,0
1,2,2024-03-24,6,1174.02,0
1,2,2024-03-25,1,195.67,0
1,2,2024-03-26,3,587.01,0
1,2,2024-03-27,6,1174.02,0
1,2,2024-03-28,4,782.68,0
1,2,2024-03-29,5,978.35,0
1,2,2024-03-30,6,1174.02,0
1,2,2024-03-31,7,1369.69,0
1,2,2024-04-01,5,978.35,0
1,2,2024-04-02,5,978.35,0
1,2,2024-04-03,8,1565.36,0
1,2,2024-04-04,2,391.34,0
1,2,2024-04-05,4,782.68,0
1,2,2024-04-06,2,391.34,0
1,2,2024-04-07,6,1174.02,0
1,2,2024-04-08,2,391.34,0
1,2,2024-04-09,1,195.67,0
1,2,2024-04-10,3,587.01,0
1,2,2024-04-11,2,391.34,0
1,2,2024-04-12,4,782.68,0
1,2,2024-04-13,2,391.34,0
1,2,2024-04-14,3,587.01,0
1,2,2024-04-15,4,782.68,0
1,2,2024-04-16,3,587.01,0
1,2,2024-04-17,2,391.34,0
1,2,2024-04-18,5,978.35,0
1,2,2024-04-19,3,587.01,0
1,2,2024-04-20,4,782.68,0
1,2,2024-04-21,5,978.35,0
1,2,2024-04-22,2,391.34,0
1,2,2024-04-23,4,782.68,0
1,2,2024-04-24,5,978.35,0
1,2,2024-04-25,4,782.68,0
1,2,2024-04-26,3,587.01,0
1,2,2024-04-27,8,1565.36,0
1,2,2024-04-28,9,1761.03,0
1,2,2024-04-29,1,195.67,0
1,3,2024-01-01,3,401.49,0
1,3,2024-01-02,0,0.0,0
1,3,2024-01-03,0,0.0,0
1,3,2024-01-04,1,133.83,0
1,3,2024-01-05,1,133.83,0
1,3,2024-01-06,6,802.98,0
1,3,2024-01-07,3,401.49,0
1,3,2024-01-08,3,401.49,0
1,3,2024-01-09,2,267.66,0
1,3,2024-01-10,1,133.83,0
1,3,2024-01-11,1,133.83,0
1,3,2024-01-12,6,802.98,0
1,3,2024-01-13,2,267.66,0
1,3,2024-01-14,3,401.49,0
1,3,2024-01-15,3,401.49,0
1,3,2024-01-16,1,133.83,0
1,3,2024-01-17,2,267.66,0
1,3,2024-01-18,4,535.32,0
1,3,2024-01-19,2,267.66,0
1,3,2024-01-20,6,802.98,0
1,3,2024-01-21,6,802.98,0
1,3,2024-01-22,5,669.15,0
1,3,2024-01-23,0,0.0,0
1,3,2024-01-24,3,401.49,0
1,3,2024-01-25,3,401.49,0
1,3,2024-01-26,5,669.15,0
1,3,2024-01-27,5,669.15,0
1,3,2024-01-28,0,0.0,0
1,3,2024-01-29,3,401.49,0
1,3,2024-01-30,0,0.0,0
1,3,2024-01-31,4,535.32,0
1,3,2024-02-01,1,133.83,0
1,3,2024-02-02,7,936.81,0
1,3,2024-02-03,5,669.15,0
1,3,2024-02-04,3,401.49,0
1,3,2024-02-05,1,133.83,0
1,3,2024-02-06,5,669.15,0
1,3,2024-02-07,4,535.32,0
1,3,2024-02-08,2,267.66,0
1,3,2024-02-09,5,669.15,0
1,3,2024-02-10,4,535.32,0
1,3,2024-02-11,2,267.66,0
1,3,2024-02-12,2,267.66,0
1,3,2024-02-13,4,535.32,0
1,3,2024-02-14,1,133.83,0
1,3,2024-02-15,3,401.49,0
1,3,2024-02-16,5,669.15,0
1,3,2024-02-17,4,535.32,0
1,3,2024-02-18,4,535.32,0
1,3,2024-02-19,6,802.98,0
1,3,2024-02-20,4,535.32,0
1,3,2024-02-21,2,267.66,0
1,3,2024-02-22,5,669.15,0
1,3,2024-02-23,2,267.66,0
1,3,2024-02-24,4,535.32,0
1,3,2024-02-25,2,267.66,0
1,3,2024-02-26,5,669.15,0
1,3,2024-02-27,0,0.0,0
1,3,2024-02-28,3,401.49,0
1,3,2024-02-29,5,669.15,0
1,3,2024-03-01,7,936.81,0
1,3,2024-03-02,3,401.49,0
1,3,2024-03-03,4,535.32,0
1,3,2024-03-04,2,267.66,0
1,3,2024-03-05,4,428.26,0
1,3,2024-03-06,3,321.19,0
1,3,2024-03-07,6,642.38,0
1,3,2024-03-08,2,214.13,1
1,3,2024-03-09,7,749.45,0
1,3,2024-03-10,4,428.26,0
1,3,2024-03-11,7,749.45,0
1,3,2024-03-12,5,535.32,0
1,3,2024-03-13,2,214.13,0
1,3,2024-03-14,7,749.45,0
1,3,2024-03-15,10,1070.64,0
1,3,2024-03-16,4,455.02,0
1,3,2024-03-17,9,1023.8,0
1,3,2024-03-18,3,341.27,0
1,3,2024-03-19,1,113.76,1
1,3,2024-03-20,0,0.0,1
1,3,2024-03-21,0,0.0,1
1,3,2024-03-22,0,0.0,1
1,3,2024-03-23,5,568.78,0
1,3,2024-03-24,5,568.78,0
1,3,2024-03-25,1,133.83,0
1,3,2024-03-26,3,401.49,0
1,3,2024-03-27,1,133.83,0
1,3,2024-03-28,2,267.66,0
1,3,2024-03-29,2,267.66,0
1,3,2024-03-30,6,802.98,0
1,3,2024-03-31,3,401.49,0
1,3,2024-04-01,1,133.83,0
1,3,2024-04-02,2,267.66,0
1,3,2024-04-03,3,401.49,0
1,3,2024-04-04,2,267.66,0
1,3,2024-04-05,2,267.66,0
1,3,2024-04-06,3,401.49,0
1,3,2024-04-07,11,1472.13,0
1,3,2024-04-08,0,0.0,0
1,3,2024-04-09,4,535.32,0
1,3,2024-04-10,3,401.49,0
1,3,2024-04-11,2,267.66,0
1,3,2024-04-12,2,267.66,0
1,3,2024-04-13,6,802.98,0
1,3,2024-04-14,3,401.49,0
1,3,2024-04-15,4,535.32,0
1,3,2024-04-16,5,669.15,0
1,3,2024-04-17,4,535.32,0
1,3,2024-04-18,2,267.66,0
1,3,2024-04-19,2,267.66,0
1,3,2024-04-20,3,401.49,0
1,3,2024-04-21,5,669.15,0
1,3,2024-04-22,4,535.32,0
1,3,2024-04-23,0,0.0,0
1,3,2024-04-24,3,401.49,0
1,3,2024-04-25,2,267.66,0
1,3,2024-04-26,7,936.81,0
1,3,2024-04-27,5,669.15,0
1,3,2024-04-28,5,669.15,0
1,3,2024-04-29,3,401.49,0
2,1,2024-01-01,4,109.36,0
2,1,2024-01-02,4,109.36,0
2,1,2024-01-03,2,54.68,0
2,1,2024-01-04,6,164.04,0
2,1,2024-01-05,4,109.36,0
2,1,2024-01-06,5,136.7,0
2,1,2024-01-07,8,218.72,0
2,1,2024-01-08,5,136.7,0
2,1,2024-01-09,4,109.36,0
2,1,2024-01-10,3,82.02,0
2,1,2024-01-11,2,54.68,0
2,1,2024-01-12,10,273.4,0
2,1,2024-01-13,6,164.04,0
2,1,2024-01-14,5,136.7,0
2,1,2024-01-15,6,164.04,0
2,1,2024-01-16,4,109.36,0
2,1,2024-01-17,4,109.36,0
2,1,2024-01-18,1,27.34,0
2,1,2024-01-19,5,136.7,0
2,1,2024-01-20,4,109.36,0
2,1,2024-01-21,11,300.74,0
2,1,2024-01-22,2,54.68,0
2,1,2024-01-23,6,164.04,0
2,1,2024-01-24,2,54.68,0
2,1,2024-01-25,2,54.68,0
2,1,2024-01-26,6,164.04,0
2,1,2024-01-27,1,27.34,0
2,1,2024-01-28,6,164.04,0
2,1,2024-01-29,5,136.7,0
2,1,2024-01-30,6,164.04,0
2,1,2024-01-31,2,54.68,0
2,1,2024-02-01,6,164.04,0
2,1,2024-02-02,5,136.7,0
2,1,2024-02-03,8,185.91,0
2,1,2024-02-04,4,92.96,0
2,1,2024-02-05,8,185.91,0
2,1,2024-02-06,7,162.67,0
2,1,2024-02-07,4,92.96,0
2,1,2024-02-08,8,185.91,0
2,1,2024-02-09,4,92.96,0
2,1,2024-02-10,13,302.11,0
2,1,2024-02-11,13,302.11,0
2,1,2024-02-12,11,255.63,0
2,1,2024-02-13,7,162.67,0
2,1,2024-02-14,8,196.85,0
2,1,2024-02-15,5,123.03,0
2,1,2024-02-16,3,73.82,0
2,1,2024-02-17,13,319.88,0
2,1,2024-02-18,6,147.64,0
2,1,2024-02-19,1,24.61,0
2,1,2024-02-20,5,123.03,0
2,1,2024-02-21,6,147.64,0
2,1,2024-02-22,5,123.03,0
2,1,2024-02-23,6,164.04,0
2,1,2024-02-24,5,136.7,0
2,1,2024-02-25,4,109.36,0
2,1,2024-02-26,6,164.04,0
2,1,2024-02-27,1,27.34,0
2,1,2024-02-28,3,82.02,0
2,1,2024-02-29,7,191.38,0
2,1,2024-03-01,5,136.7,0
2,1,2024-03-02,14,382.76,0
2,1,2024-03-03,4,109.36,0
2,1,2024-03-04,8,218.72,0
2,1,2024-03-05,3,82.02,0
2,1,2024-03-06,4,109.36,0
2,1,2024-03-07,4,109.36,0
2,1,2024-03-08,10,273.4,0
2,1,2024-03-09,8,218.72,0
2,1,2024-03-10,6,164.04,0
2,1,2024-03-11,6,164.04,0
2,1,2024-03-12,6,164.04,0
2,1,2024-03-13,4,109.36,0
2,1,2024-03-14,6,164.04,0
2,1,2024-03-15,5,136.7,0
2,1,2024-03-16,12,328.08,0
2,1,2024-03-17,6,164.04,0
2,1,2024-03-18,3,82.02,0
2,1,2024-03-19,15,287.07,0
2,1,2024-03-20,10,191.38,0
2,1,2024-03-21,12,229.66,0
2,1,2024-03-22,15,287.07,0
2,1,2024-03-23,19,363.62,0
2,1,2024-03-24,15,287.07,0
2,1,2024-03-25,24,459.31,0
2,1,2024-03-26,3,57.41,0
2,1,2024-03-27,10,191.38,0
2,1,2024-03-28,11,210.52,0
2,1,2024-03-29,10,191.38,0
2,1,2024-03-30,13,248.79,0
2,1,2024-03-31,14,267.93,0
2,1,2024-04-01,7,191.38,0
2,1,2024-04-02,8,218.72,0
2,1,2024-04-03,7,191.38,0
2,1,2024-04-04,5,136.7,0
2,1,2024-04-05,3,82.02,0
2,1,2024-04-06,9,246.06,0
2,1,2024-04-07,8,218.72,0
2,1,2024-04-08,9,246.06,0
2,1,2024-04-09,5,116.2,0
2,1,2024-04-10,11,255.63,0
2,1,2024-04-11,7,162.67,0
2,1,2024-04-12,4,92.96,0
2,1,2024-04-13,14,382.76,0
2,1,2024-04-14,14,382.76,0
2,1,2024-04-15,6,164.04,0
2,1,2024-04-16,6,164.04,0
2,1,2024-04-17,6,164.04,0
2,1,2024-04-18,9,246.06,0
2,1,2024-04-19,5,136.7,0
2,1,2024-04-20,9,246.06,0
2,1,2024-04-21,6,164.04,0
2,1,2024-04-22,9,246.06,0
2,1,2024-04-23,1,27.34,0
2,1,2024-04-24,3,82.02,0
2,1,2024-04-25,6,164.04,0
2,1,2024-04-26,4,109.36,0
2,1,2024-04-27,9,246.06,0
2,1,2024-04-28,9,246.06,0
2,1,2024-04-29,12,328.08,0
2,2,2024-01-01,4,782.68,0
2,2,2024-01-02,4,782.68,0
2,2,2024-01-03,2,391.34,0
2,2,2024-01-04,4,782.68,0
2,2,2024-01-05,5,978.35,0
2,2,2024-01-06,4,782.68,0
2,2,2024-01-07,7,1369.69,0
2,2,2024-01-08,1,195.67,0
2,2,2024-01-09,1,195.67,0
2,2,2024-01-10,1,195.67,0
2,2,2024-01-11,2,391.34,0
2,2,2024-01-12,8,1565.36,0
2,2,2024-01-13,5,978.35,0
2,2,2024-01-14,3,587.01,0
2,2,2024-01-15,2,391.34,0
2,2,2024-01-16,2,391.34,0
2,2,2024-01-17,1,195.67,0
2,2,2024-01-18,5,978.35,0
2,2,2024-01-19,7,1369.69,0
2,2,2024-01-20,5,978.35,0
2,2,2024-01-21,5,978.35,0
2,2,2024-01-22,3,587.01,0
2,2,2024-01-23,3,587.01,0
2,2,2024-01-24,4,782.68,0
2,2,2024-01-25,7,1369.69,0
2,2,2024-01-26,6,1174.02,0
2,2,2024-01-27,8,1565.36,0
2,2,2024-01-28,3,587.01,0
2,2,2024-01-29,1,195.67,0
2,2,2024-01-30,2,391.34,0
2,2,2024-01-31,4,782.68,0
2,2,2024-02-01,3,587.01,0
2,2,2024-02-02,6,1174.02,0
2,2,2024-02-03,13,1780.6,0
2,2,2024-02-04,15,2054.54,0
2,2,2024-02-05,4,547.88,0
2,2,2024-02-06,4,547.88,0
2,2,2024-02-07,3,587.01,0
2,2,2024-02-08,1,195.67,0
2,2,2024-02-09,2,391.34,0
2,2,2024-02-10,8,1565.36,0
2,2,2024-02-11,4,782.68,0
2,2,2024-02-12,4,782.68,0
2,2,2024-02-13,2,391.34,0
2,2,2024-02-14,1,195.67,0
2,2,2024-02-15,0,0.0,0
2,2,2024-02-16,4,782.68,0
2,2,2024-02-17,6,1174.02,0
2,2,2024-02-18,5,978.35,0
2,2,2024-02-19,4,782.68,0
2,2,2024-02-20,1,195.67,0
2,2,2024-02-21,2,391.34,0
2,2,2024-02-22,3,587.01,0
2,2,2024-02-23,10,1956.7,0
2,2,2024-02-24,4,782.68,0
2,2,2024-02-25,3,587.01,0
2,2,2024-02-26,9,1761.03,0
2,2,2024-02-27,6,1174.02,0
2,2,2024-02-28,1,195.67,0
2,2,2024-02-29,5,978.35,0
2,2,2024-03-01,4,782.68,0
2,2,2024-03-02,3,587.01,0
2,2,2024-03-03,3,587.01,0
2,2,2024-03-04,6,1174.02,0
2,2,2024-03-05,3,587.01,0
2,2,2024-03-06,2,391.34,0
2,2,2024-03-07,7,1369.69,0
2,2,2024-03-08,5,978.35,0
2,2,2024-03-09,7,1369.69,0
2,2,2024-03-10,6,1174.02,0
2,2,2024-03-11,0,0.0,0
2,2,2024-03-12,2,391.34,0
2,2,2024-03-13,2,391.34,0
2,2,2024-03-14,5,978.35,0
2,2,2024-03-15,3,587.01,0
2,2,2024-03-16,6,1174.02,0
2,2,2024-03-17,5,978.35,0
2,2,2024-03-18,4,782.68,0
2,2,2024-03-19,3,587.01,0
2,2,2024-03-20,7,1369.69,0
2,2,2024-03-21,9,1761.03,0
2,2,2024-03-22,5,978.35,0
2,2,2024-03-23,2,391.34,0
2,2,2024-03-24,3,587.01,0
2,2,2024-03-25,1,195.67,0
2,2,2024-03-26,5,978.35,0
2,2,2024-03-27,4,782.68,0
2,2,2024-03-28,1,195.67,0
2,2,2024-03-29,4,782.68,0
2,2,2024-03-30,10,1956.7,0
2,2,2024-03-31,4,782.68,0
2,2,2024-04-01,1,195.67,0
2,2,2024-04-02,5,978.35,0
2,2,2024-04-03,4,782.68,0
2,2,2024-04-04,3,587.01,0
2,2,2024-04-05,10,1956.7,0
2,2,2024-04-06,9,1761.03,0
2,2,2024-04-07,1,195.67,0
2,2,2024-04-08,1,195.67,0
2,2,2024-04-09,5,978.35,0
2,2,2024-04-10,1,195.67,0
2,2,2024-04-11,1,195.67,0
2,2,2024-04-12,5,978.35,0
2,2,2024-04-13,7,1369.69,0
2,2,2024-04-14,6,1174.02,0
2,2,2024-04-15,5,978.35,0
2,2,2024-04-16,2,391.34,0
2,2,2024-04-17,3,587.01,0
2,2,2024-04-18,7,1369.69,0
2,2,2024-04-19,4,782.68,0
2,2,2024-04-20,10,1956.7,0
2,2,2024-04-21,4,782.68,0
2,2,2024-04-22,8,1565.36,0
2,2,2024-04-23,2,391.34,0
2,2,2024-04-24,1,195.67,0
2,2,2024-04-25,1,195.67,0
2,2,2024-04-26,4,782.68,0
2,2,2024-04-27,4,782.68,0
2,2,2024-04-28,10,1956.7,0
2,2,2024-04-29,3,587.01,0
2,3,2024-01-01,4,535.32,0
2,3,2024-01-02,1,133.83,0
2,3,2024-01-03,2,267.66,0
2,3,2024-01-04,2,267.66,0
2,3,2024-01-05,2,267.66,0
2,3,2024-01-06,4,535.32,0
2,3,2024-01-07,6,802.98,0
2,3,2024-01-08,1,133.83,0
2,3,2024-01-09,1,133.83,0
2,3,2024-01-10,4,535.32,0
2,3,2024-01-11,2,267.66,0
2,3,2024-01-12,2,267.66,0
2,3,2024-01-13,4,535.32,0
2,3,2024-01-14,0,0.0,0
2,3,2024-01-15,2,267.66,0
2,3,2024-01-16,1,133.83,0
2,3,2024-01-17,0,0.0,0
2,3,2024-01-18,5,669.15,0
2,3,2024-01-19,4,535.32,0
2,3,2024-01-20,7,936.81,0
2,3,2024-01-21,3,401.49,0
2,3,2024-01-22,1,133.83,0
2,3,2024-01-23,3,401.49,0
2,3,2024-01-24,2,267.66,0
2,3,2024-01-25,1,133.83,0
2,3,2024-01-26,3,401.49,0
2,3,2024-01-27,4,535.32,0
2,3,2024-01-28,6,802.98,0
2,3,2024-01-29,4,535.32,0
2,3,2024-01-30,4,535.32,0
2,3,2024-01-31,2,267.66,1
2,3,2024-02-01,6,802.98,0
2,3,2024-02-02,3,401.49,0
2,3,2024-02-03,3,401.49,0
2,3,2024-02-04,5,669.15,0
2,3,2024-02-05,3,401.49,0
2,3,2024-02-06,3,401.49,0
2,3,2024-02-07,2,267.66,0
2,3,2024-02-08,3,401.49,0
2,3,2024-02-09,2,267.66,0
2,3,2024-02-10,3,401.49,0
2,3,2024-02-11,1,133.83,0
2,3,2024-02-12,2,267.66,0
2,3,2024-02-13,2,267.66,0
2,3,2024-02-14,5,669.15,0
2,3,2024-02-15,2,267.66,0
2,3,2024-02-16,3,401.49,0
2,3,2024-02-17,5,669.15,0
2,3,2024-02-18,2,267.66,0
2,3,2024-02-19,5,669.15,0
2,3,2024-02-20,2,267.66,0
2,3,2024-02-21,6,802.98,0
2,3,2024-02-22,4,535.32,0
2,3,2024-02-23,0,0.0,0
2,3,2024-02-24,3,401.49,0
2,3,2024-02-25,4,535.32,0
2,3,2024-02-26,2,267.66,0
2,3,2024-02-27,2,267.66,0
2,3,2024-02-28,5,669.15,0
2,3,2024-02-29,1,133.83,0
2,3,2024-03-01,7,936.81,0
2,3,2024-03-02,3,401.49,0
2,3,2024-03-03,1,133.83,1
2,3,2024-03-04,4,535.32,0
2,3,2024-03-05,3,321.19,0
2,3,2024-03-06,8,856.51,0
2,3,2024-03-07,5,535.32,0
2,3,2024-03-08,4,428.26,0
2,3,2024-03-09,12,1284.77,0
2,3,2024-03-10,3,321.19,0
2,3,2024-03-11,4,428.26,0
2,3,2024-03-12,8,856.51,0
2,3,2024-03-13,0,0.0,1
2,3,2024-03-14,0,0.0,1
2,3,2024-03-15,0,0.0,1
2,3,2024-03-16,0,0.0,1
2,3,2024-03-17,0,0.0,1
2,3,2024-03-18,3,341.27,0
2,3,2024-03-19,6,682.53,0
2,3,2024-03-20,3,341.27,0
2,3,2024-03-21,4,455.02,0
2,3,2024-03-22,5,568.78,0
2,3,2024-03-23,8,910.04,0
2,3,2024-03-24,6,682.53,0
2,3,2024-03-25,1,133.83,0
2,3,2024-03-26,2,267.66,0
2,3,2024-03-27,4,535.32,0
2,3,2024-03-28,3,401.49,0
2,3,2024-03-29,2,267.66,1
2,3,2024-03-30,0,0.0,1
2,3,2024-03-31,0,0.0,1
2,3,2024-04-01,5,669.15,0
2,3,2024-04-02,4,535.32,0
2,3,2024-04-03,4,535.32,0
2,3,2024-04-04,3,401.49,0
2,3,2024-04-05,3,401.49,0
2,3,2024-04-06,3,401.49,0
2,3,2024-04-07,6,802.98,0
2,3,2024-04-08,1,133.83,0
2,3,2024-04-09,1,133.83,0
2,3,2024-04-10,5,669.15,0
2,3,2024-04-11,4,535.32,0
2,3,2024-04-12,1,133.83,0
2,3,2024-04-13,5,669.15,0
2,3,2024-04-14,3,401.49,0
2,3,2024-04-15,1,133.83,0
2,3,2024-04-16,2,267.66,0
2,3,2024-04-17,2,267.66,0
2,3,2024-04-18,6,802.98,0
2,3,2024-04-19,4,535.32,0
2,3,2024-04-20,2,267.66,0
2,3,2024-04-21,2,267.66,0
2,3,2024-04-22,2,267.66,0
2,3,2024-04-23,0,0.0,0
2,3,2024-04-24,2,267.66,0
2,3,2024-04-25,8,1070.64,0
2,3,2024-04-26,5,669.15,0
2,3,2024-04-27,4,535.32,0
2,3,2024-04-28,1,133.83,0
2,3,2024-04-29,4,535.32,0
